nama,satuan_kerja,unit_kerja,golongan_pangkat,eselon,nama_jabatan,tmt_jabatan,status_pegawai,jenis_kelamin,jenjang_pendidikan_akhir
Cecep Rusmana,Kecamatan Andir,Kelurahan Kebon Jeruk,III/d,IV.a,Lurah Kebon Jeruk,10/01/2017,PNS,Laki-laki,SLTA
"Heryono Noprihantoro,S.H",Kecamatan Andir,Kelurahan Garuda,III/d,IV.a,Lurah Garuda,10/01/2017,PNS,Laki-laki,S1
"Endang Supriadi,S.Pd",Kecamatan Andir,Kelurahan Ciroyom,III/d,IV.a,Lurah Ciroyom,10/01/2017,PNS,Laki-laki,S1
"Asep Aceng,S.Sos.",Kecamatan Andir,Kelurahan Campaka,III/d,IV.a,Lurah Campaka,10/01/2017,PNS,Laki-laki,S1
"Dodi Mochamad Romdon,S.Sos.",Kecamatan Andir,Kelurahan Maleber,III/d,IV.a,Lurah Maleber,10/01/2017,PNS,Laki-laki,S1
"SUHARYANTO,S.STP",Kecamatan Andir,Kelurahan Dungus Cariang,III/d,IV.a,Lurah Dungus Cariang,10/01/2017,PNS,Laki-laki,D4
"Ahmad Sujani,S.Sos., MM",Kecamatan Antapani,Kelurahan Antapani Kidul,IV/a,IV.a,Lurah Antapani Kidul,10/01/2017,PNS,Laki-laki,S2
Hakim Satya Budhi,Kecamatan Antapani,Kelurahan Antapani Tengah,III/d,IV.a,Lurah Antapani Tengah,10/01/2017,PNS,Laki-laki,D3
"Shinta Parmawati,S.STP. MSi",Kecamatan Antapani,Kelurahan Antapani Kulon,III/d,IV.a,Lurah Antapani Kulon,10/01/2017,PNS,Perempuan,D4
"Maman Suparman,SKM.",Kecamatan Antapani,Kelurahan Antapani Wetan,III/c,IV.a,Lurah Antapani Wetan,23/03/2017,PNS,Laki-laki,S1
"Drs.Jajang Kurnia,M.AP",Kecamatan Arcamanik,Kelurahan Cisaranten Endah,IV/a,IV.a,Lurah Cisaranten Endah,10/01/2017,PNS,Laki-laki,S2
"Mohamad Tresna Mursid,S.Sos. MSi.",Kecamatan Arcamanik,Kelurahan Cisaranten Kulon,IV/a,IV.a,Lurah Cisaranten Kulon,10/01/2017,PNS,Laki-laki,S2
"Deden Mardeni,A.Md",Kecamatan Arcamanik,Kelurahan Cisaranten Bina Harapan,III/d,IV.a,Lurah Cisaranten Bina Harapan,10/01/2017,PNS,Laki-laki,D3
"Farida Agustini,S.Pd.",Kecamatan Arcamanik,Kelurahan Sukamiskin,III/d,IV.a,Lurah Sukamiskin,10/01/2017,PNS,Perempuan,S1
"Suryana,SE.",Kecamatan Astana Anyar,Kelurahan Nyengseret,III/d,IV.a,Lurah Nyengseret,10/01/2017,PNS,Laki-laki,S1
Drs.Jejen Suwarjan,Kecamatan Astana Anyar,Kelurahan Karang Anyar,III/d,IV.a,Lurah Karang Anyar,10/01/2017,PNS,Laki-laki,S1
"Gun Gun Ginanjar,S.Sos.",Kecamatan Astana Anyar,Kelurahan Panjunan,III/d,IV.a,Lurah Panjunan,10/01/2017,PNS,Laki-laki,S1
"Ahmad Sopian,S.Pd.",Kecamatan Astana Anyar,Kelurahan Karasak,III/d,IV.a,Lurah Karasak,23/03/2017,PNS,Laki-laki,S1
"Iwa Kartiwa,S.Ip.",Kecamatan Astana Anyar,Kelurahan Cibadak,III/d,IV.a,Lurah Cibadak,10/01/2017,PNS,Laki-laki,S1
"Hendra Yulianto,SE",Kecamatan Astana Anyar,Kelurahan Pelindung Hewan,III/b,IV.a,Lurah Pelindung Hewan,10/01/2017,PNS,Laki-laki,S1
Dra.Eulis Robbijah,Kecamatan Babakan Ciparay,Kelurahan Margasuka,IV/a,IV.a,Lurah Margasuka,10/01/2017,PNS,Perempuan,S1
Komarawati,Kecamatan Babakan Ciparay,Kelurahan Babakan Ciparay,III/d,IV.a,Lurah Babakan Ciparay,10/01/2017,PNS,Perempuan,SLTA
"Dadang Sopyana,S.Pd.",Kecamatan Babakan Ciparay,Kelurahan Margahayu Utara,III/d,IV.a,Lurah Margahayu Utara,23/03/2017,PNS,Laki-laki,S1
Ir.Agus Dewanto,Kecamatan Babakan Ciparay,Kelurahan Cirangrang,III/d,IV.a,Lurah Cirangrang,10/01/2017,PNS,Laki-laki,S1
"Ahmad Roni,S.Ip.",Kecamatan Babakan Ciparay,Kelurahan Sukahaji Kel. Sukahaji,III/d,IV.a,Lurah Sukahaji,23/03/2017,PNS,Laki-laki,S1
"Jon Heri,AP",Kecamatan Babakan Ciparay,Kelurahan Babakan,III/d,IV.a,Lurah Babakan,10/01/2017,PNS,Laki-laki,S1
"Wawan Karyawan,S.Pd",Kecamatan Bandung Kidul,Kelurahan Batununggal,IV/a,IV.a,Lurah Batununggal,10/01/2017,PNS,Laki-laki,S2
Suparman,Kecamatan Bandung Kidul,Kelurahan Wates,III/d,IV.a,Lurah Wates,10/01/2017,PNS,Laki-laki,SLTA
Benny Sundawa,Kecamatan Bandung Kidul,Kelurahan Mengger,III/d,IV.a,Lurah Mengger,10/01/2017,PNS,Laki-laki,SLTA
Dra.Inne Nur\'aini Febriati,Kecamatan Bandung Kidul,Kelurahan Kujangsari,III/d,IV.a,Lurah Kujangsari,10/01/2017,PNS,Perempuan,S1
"Udjang Muchtar MK,SE",Kecamatan Bandung Kulon,Kelurahan Cijerah,III/d,IV.a,Lurah Cijerah,10/01/2017,PNS,Laki-laki,S1
DRS.UMAR MANSYUR,Kecamatan Bandung Kulon,Kelurahan Cigondewah Kaler,III/d,IV.a,Lurah Cigondewah Kaler,10/01/2017,PNS,Laki-laki,S1
"Asep Ostman,SH",Kecamatan Bandung Kulon,Kelurahan Cigondewah Kidul,III/d,IV.a,Lurah Cigondewah Kidul,10/01/2017,PNS,Laki-laki,S1
Dayat Hidayat,Kecamatan Bandung Kulon,Kelurahan Cigondewah Rahayu,III/d,IV.a,Lurah Cigondewah Rahayu,10/01/2017,PNS,Laki-laki,SLTA
"Dede Junaedi,SH",Kecamatan Bandung Kulon,Kelurahan Warungmuncang,III/d,IV.a,Lurah Warungmuncang,10/01/2017,PNS,Laki-laki,S1
Dra.Tri Setya Handayani,Kecamatan Bandung Kulon,Kelurahan Gempolsari,III/d,IV.a,Lurah Gempolsari,10/01/2017,PNS,Perempuan,S2
Drs.Moch Edi Purwadi,Kecamatan Bandung Kulon,Kelurahan Cibuntu,III/d,IV.a,Lurah Cibuntu,10/01/2017,PNS,Laki-laki,S1
Dra. Hj.Wahyu Rinjaningsih,Kecamatan Bandung Kulon,Kelurahan Caringin,III/d,IV.a,Lurah Caringin,10/01/2017,PNS,Perempuan,S1
Drs.Iwan Gunawan Herman,Kecamatan Bandung Wetan,Kelurahan Cihapit,III/d,IV.a,Lurah Cihapit,10/01/2017,PNS,Laki-laki,S1
Engkus Maulana Qusoy,Kecamatan Bandung Wetan,Kelurahan Citarum,III/d,IV.a,Lurah Citarum,10/01/2017,PNS,Laki-laki,SLTA
Deni Sirajudin,Kecamatan Bandung Wetan,Kelurahan Tamansari,III/d,IV.a,Lurah Tamansari,10/01/2017,PNS,Laki-laki,D3
"Murni Hidayah Nasution,S.H., M.AP",Kecamatan Batununggal,Kelurahan Samoja,IV/a,IV.a,Lurah Samoja,10/01/2017,PNS,Perempuan,S2
"Drs.Jana Surjana,M.Si",Kecamatan Batununggal,Kelurahan Cibangkong,IV/a,IV.a,Lurah Cibangkong,10/01/2017,PNS,Laki-laki,S2
"Wawan Ridwan,S.Ip.",Kecamatan Batununggal,Kelurahan Kacapiring,III/d,IV.a,Lurah Kacapiring,10/01/2017,PNS,Laki-laki,S1
"Aat Supriatna,SH.",Kecamatan Batununggal,Kelurahan Kebon Gedang,III/d,IV.a,Lurah Kebon Gedang,10/01/2017,PNS,Laki-laki,S1
Drs.Agus Mulyana Iskandar,Kecamatan Batununggal,Kelurahan Binong,III/d,IV.a,Lurah Binong,10/01/2017,PNS,Laki-laki,S1
Drs.Wawan Hirawan,Kecamatan Batununggal,Kelurahan Kebon Waru,III/d,IV.a,Lurah Kebon Waru,10/01/2017,PNS,Laki-laki,S1
"Wawan Hermawan,S.Sos.",Kecamatan Batununggal,Kelurahan Maleer,III/d,IV.a,Lurah Maleer,10/01/2017,PNS,Laki-laki,S1
"Nurma Safarini,A.KS",Kecamatan Batununggal,Kelurahan Gumuruh,III/d,IV.a,Lurah Gumuruh,10/01/2017,PNS,Perempuan,D4
Sukarnoe,Kecamatan Bojongloa Kaler,Kelurahan Kopo,III/d,IV.a,Lurah Kopo,10/01/2017,PNS,Laki-laki,SLTA
"Neneng Ratnaningsih,SH.",Kecamatan Bojongloa Kaler,Kelurahan Babakan Asih,III/d,IV.a,Lurah Babakan Asih,29-Sep-16,PNS,Perempuan,S1
Drs.Fajar Siliwangi,Kecamatan Bojongloa Kaler,Kelurahan Jamika,III/d,IV.a,Lurah Jamika,10/01/2017,PNS,Laki-laki,S1
"Opi Hanapi,S.Sos.",Kecamatan Bojongloa Kaler,Kelurahan Babakan Tarogong,III/d,IV.a,Lurah Babakan Tarogong,10/01/2017,PNS,Laki-laki,S1
"Ade Rahayu,S.Sos",Kecamatan Bojongloa Kaler,Kelurahan Sukaasih,III/b,IV.a,Lurah Sukaasih,10/01/2017,PNS,Laki-laki,S1
Drs.Dodo Djuharmadi,Kecamatan Bojongloa Kidul,Kelurahan Kebonlega,III/d,IV.a,Lurah Kel. Kebonlega,10/01/2017,PNS,Laki-laki,S1
Drs.Ahmad Didong Saeffudin Mamun,Kecamatan Bojongloa Kidul,Kelurahan Cibaduyut Wetan,III/d,IV.a,Lurah Cibaduyut Wetan,10/01/2017,PNS,Laki-laki,S1
"Tisna,S.Sos, M.Si",Kecamatan Bojongloa Kidul,Kelurahan Cibaduyut,III/d,IV.a,Lurah Cibaduyut,10/01/2017,PNS,Laki-laki,S1
"Herry Hermawan,S.IP",Kecamatan Bojongloa Kidul,Kelurahan Cibaduyut Kidul,III/d,IV.a,Lurah Cibaduyut Kidul,10/01/2017,PNS,Laki-laki,S1
Drs.Yusup Sambalawini,Kecamatan Bojongloa Kidul,Kelurahan Mekarwangi,III/d,IV.a,Lurah Mekarwangi,10/01/2017,PNS,Laki-laki,S1
"Deni Setiabudi,S.STP., M.AP",Kecamatan Bojongloa Kidul,Kelurahan Situsaeur,III/d,IV.a,Lurah Situsaeur,23/03/2017,PNS,Laki-laki,S2
Tatang,Kecamatan Buahbatu,Kelurahan Cijawura,III/d,IV.a,Lurah Cijawura,10/01/2017,PNS,Laki-laki,S1
"Komar,S.Sos.",Kecamatan Buahbatu,Kelurahan Margasari,III/d,IV.a,Lurah Margasari,10/01/2017,PNS,Laki-laki,S1
"Umar Salim,SE",Kecamatan Buahbatu,Kelurahan Jatisari,III/d,IV.a,Lurah Jatisari,10/01/2017,PNS,Laki-laki,S1
"Dadang Husein,S.Ip.",Kecamatan Buahbatu,Kelurahan Sekejati,III/c,IV.a,Lurah Sekejati,10/01/2017,PNS,Laki-laki,S1
"Dadan Atmito,S.Sos",Kecamatan Cibeunying Kaler,Kelurahan Sukaluyu,III/d,IV.a,Lurah Sukaluyu,10/01/2017,PNS,Laki-laki,S1
Drs.Juju,Kecamatan Cibeunying Kaler,Kelurahan Cihaurgeulis,III/d,IV.a,Lurah Cihaurgeulis,10/01/2017,PNS,Laki-laki,S1
"INDRA BAYU KAMAJAYA,ST",Kecamatan Cibeunying Kaler,Kelurahan Neglasari,III/b,IV.a,Lurah Neglasari,10/01/2017,PNS,Laki-laki,S1
"Gugun Gunawan,S. Sos, M.Si",Kecamatan Cibeunying Kaler,Kelurahan Cigadung,III/b,IV.a,Lurah Cigadung,10/01/2017,PNS,Laki-laki,S2
"Sopandi,S.Sos.",Kecamatan Cibeunying Kidul,Kelurahan Cicadas,IV/a,IV.a,Lurah Cicadas,10/01/2017,PNS,Laki-laki,S2
"Maman Rokhman,S.Sos.",Kecamatan Cibeunying Kidul,Kelurahan Sukapada,III/d,IV.a,Lurah Sukapada,10/01/2017,PNS,Laki-laki,S1
"Aditia Permana,S.Sos",Kecamatan Cibeunying Kidul,Kelurahan Sukamaju,III/d,IV.a,Lurah Sukamaju,10/01/2017,PNS,Laki-laki,S1
"R. Wiyasa Gurtika,SH.",Kecamatan Cibeunying Kidul,Kelurahan Padasuka,III/d,IV.a,Lurah Padasuka,10/01/2017,PNS,Laki-laki,S1
Dadang Sutia,Kecamatan Cibeunying Kidul,Kelurahan Cikutra,III/d,IV.a,Lurah Cikutra,10/01/2017,PNS,Laki-laki,SLTA
Dedi Hidayat,Kecamatan Cibeunying Kidul,Kelurahan Pasirlayung,III/d,IV.a,Lurah Pasirlayung,10/01/2017,PNS,Laki-laki,SLTA
"Drs.Dodo Suanda,M.Si",Kecamatan Cibiru,Kelurahan Palasari,IV/a,IV.a,Lurah Palasari,10/01/2017,PNS,Laki-laki,S2
"Iyus Rusmana,SE",Kecamatan Cibiru,Kelurahan Cipadung,III/d,IV.a,Lurah Cipadung,10/01/2017,PNS,Laki-laki,S1
"Yaya Sutaryadi,S.Pd., M.Si",Kecamatan Cibiru,Kelurahan Cisurupan,III/d,IV.a,Lurah Cisurupan,10/01/2017,PNS,Laki-laki,S2
"Adad Mujahidin,S.E.",Kecamatan Cibiru,Kelurahan Pasir Biru,III/d,IV.a,Lurah Pasir Biru,10/01/2017,PNS,Laki-laki,S1
"Drs.DADANG AHDIAT,M.Si",Kecamatan Cicendo,Kelurahan Sukaraja,IV/a,IV.a,Lurah Sukaraja,10/01/2017,PNS,Laki-laki,S2
Iji Tajiri,Kecamatan Cicendo,Kelurahan Arjuna,III/d,IV.a,Lurah Arjuna,10/01/2017,PNS,Laki-laki,SLTA
"Naning Yuningsih,S.Ip",Kecamatan Cicendo,Kelurahan Pajajaran,III/d,IV.a,Lurah Pajajaran,01/01/2017,PNS,Perempuan,S1
"Sumirat,S.E.",Kecamatan Cicendo,Kelurahan Pamoyanan,III/d,IV.a,Lurah Pamoyanan,10/01/2017,PNS,Laki-laki,S1
"Ganjar Arimukti,S.Sos.",Kecamatan Cicendo,Kelurahan Husein Sastranegara,III/d,IV.a,Lurah Husein Sastranegara,10/01/2017,PNS,Laki-laki,S1
"Cecep Rohmat Soleh,S.S.",Kecamatan Cicendo,Kelurahan Pasir Kaliki,III/d,IV.a,Lurah Pasir Kaliki,10/01/2017,PNS,Laki-laki,S1
"Tatang Sumpena,S.IP",Kecamatan Cidadap,Kelurahan Ciumbuleuit,III/d,IV.a,Lurah Kel. Ciumbuleuit,10/01/2017,PNS,Laki-laki,SLTA
"Sahuri,S.Sos.",Kecamatan Cidadap,Kelurahan Hegarmanah,III/d,IV.a,Lurah Kel. Hegarmanah,10/01/2017,PNS,Laki-laki,S1
Drs.Suprapto,Kecamatan Cidadap,Kelurahan Ledeng,III/d,IV.a,Lurah Kel. Ledeng,10/01/2017,PNS,Laki-laki,S1
"Tatang Tarmansyah,BA.",Kecamatan Cinambo,Kelurahan Pakemitan,III/d,IV.a,Lurah Pakemitan,10/01/2017,PNS,Laki-laki,D3
"H.Dayat,S.IP. MSi.",Kecamatan Cinambo,Kelurahan Cisaranten Wetan,III/d,IV.a,Lurah Cisaranten Wetan,10/01/2017,PNS,Laki-laki,S2
Drs.Atang Rachman,Kecamatan Cinambo,Kelurahan Babakan Penghulu,III/d,IV.a,Lurah Babakan Penghulu,23/03/2017,PNS,Laki-laki,S1
"Budi Rahmat Taufik,AP",Kecamatan Cinambo,Kelurahan Sukamulya,III/d,IV.a,Lurah Sukamulya,23/03/2017,PNS,Laki-laki,D4
"H Sukandi,S.Pd.",Kecamatan Coblong,Kelurahan Sekeloa,III/d,IV.a,Lurah Sekeloa,10/01/2017,PNS,Laki-laki,S1
Rachmat Wahyu,Kecamatan Coblong,Kelurahan Cipaganti,III/d,IV.a,Lurah Cipaganti,10/01/2017,PNS,Laki-laki,SLTA
Tri Nurhayati Endang,Kecamatan Coblong,Kelurahan Lebak Gede,III/d,IV.a,Lurah Lebak Gede,10/01/2017,PNS,Perempuan,SLTA
Drs.SLAMET SUPRIYANTO,Kecamatan Coblong,Kelurahan Dago,III/d,IV.a,Lurah Dago,10/01/2017,PNS,Laki-laki,S1
"Nur Shomaddin,S.STP. M.Si",Kecamatan Coblong,Kelurahan Lebak Siliwangi,III/d,IV.a,Lurah Lebak Siliwangi,10/01/2017,PNS,Laki-laki,D4
"Kurniawan Jusup,SE",Kecamatan Coblong,Kelurahan Sadang Serang,III/b,IV.a,Lurah Sadang Serang,03/01/2017,PNS,Laki-laki,S1
"Saiful Ahmad,S.IP",Kecamatan Gedebage,Kelurahan Rancabolang,III/d,IV.a,Lurah Rancabolang,10/01/2017,PNS,Laki-laki,S1
Dra.Puji Rahayuningtias,Kecamatan Gedebage,Kelurahan Cimincrang,III/d,IV.a,Lurah Cimincrang,23/03/2017,PNS,Perempuan,S1
"Ir.Rd. Slamet Boedhi Hermawan Wiradikoesoemah,SP",Kecamatan Gedebage,Kelurahan Rancanumpang,III/d,IV.a,Lurah Rancanumpang,14/02/2011,PNS,Laki-laki,S1
"Henny Mustika Sari,S.STP.",Kecamatan Gedebage,Kelurahan Cisaranten Kidul,III/d,IV.a,Lurah Cisaranten Kidul,10/01/2017,PNS,Perempuan,S1
"Asep Lukman,S.Sos.",Kecamatan Kiaracondong,Kelurahan Cicaheum,IV/a,IV.a,Lurah Cicaheum,10/01/2017,PNS,Laki-laki,S1
"Trisno Sumedi,S.Pd",Kecamatan Kiaracondong,Kelurahan Kebon Kangkung,III/d,IV.a,Lurah Kebon Kangkung,10/01/2017,PNS,Laki-laki,S1
"Asep Darojat,SH",Kecamatan Kiaracondong,Kelurahan Sukapura,III/d,IV.a,Lurah Sukapura,10/01/2017,PNS,Laki-laki,S1
"Tintin Sulastri,S.Pd.",Kecamatan Kiaracondong,Kelurahan Babakan Sari,III/d,IV.a,Lurah Babakan Sari,10/01/2017,PNS,Perempuan,S1
Triyono,Kecamatan Kiaracondong,Kelurahan Babakan Surabaya,III/d,IV.a,Lurah Babakan Surabaya,10/01/2017,PNS,Laki-laki,S1
Abdul Manaf,Kecamatan Kiaracondong,Kelurahan Kebon Jayanti,III/d,IV.a,Lurah Kebon Jayanti,10/01/2017,PNS,Laki-laki,S1
"Roaida Thalib,SE, MAP",Kecamatan Lengkong,Kelurahan Malabar,IV/a,IV.a,Lurah Malabar,10/01/2017,PNS,Perempuan,S2
"Dikun,S.Sos.",Kecamatan Lengkong,Kelurahan Lingkar Selatan,III/d,IV.a,Lurah Lingkar Selatan,10/01/2017,PNS,Laki-laki,S1
"Dedi Supriyadi,S.Sos.",Kecamatan Lengkong,Kelurahan Paledang,III/d,IV.a,Lurah Paledang,01/01/2011,PNS,Laki-laki,S1
"Supriatna,S.Sos.",Kecamatan Lengkong,Kelurahan Turangga,III/d,IV.a,Lurah Turangga,10/01/2017,PNS,Laki-laki,S1
"Jajang Afipudin,S.Sos",Kecamatan Lengkong,Kelurahan Cijagra,III/d,IV.a,Lurah Cijagra,10/01/2017,PNS,Laki-laki,S1
"Maulana Fatahudin,S.STP. M.Si",Kecamatan Lengkong,Kelurahan Cikawao,III/d,IV.a,Lurah Cikawao,10/01/2017,PNS,Laki-laki,S2
"Japar Solihin,S.Sos, M.Si",Kecamatan Lengkong,Kelurahan Burangrang,III/c,IV.a,Lurah Burangrang,10/01/2017,PNS,Laki-laki,S2
"Tata Prihramadiputra,S.Sos, M.Si",Kecamatan Mandalajati,Kelurahan Jatihandap,III/d,IV.a,Lurah Jatihandap,10/01/2017,PNS,Laki-laki,S2
Drs.Dadang Hermawan,Kecamatan Mandalajati,Kelurahan Karang Pamulang,III/d,IV.a,Lurah Karang Pamulang,23/03/2017,PNS,Laki-laki,S1
"Sakim,S.Sos, M.Si",Kecamatan Mandalajati,Kelurahan Pasir Impun,III/d,IV.a,Lurah Pasir Impun,10/01/2017,PNS,Laki-laki,S2
"Agus Mulyana,S.E.",Kecamatan Mandalajati,Kelurahan Sindangjaya,III/c,IV.a,Lurah Sindangjaya,10/01/2017,PNS,Laki-laki,S1
Drs.Bachrudim,Kecamatan Panyileukan,Kelurahan Cipadung Kidul,IV/a,IV.a,Lurah Cipadung Kidul,10/01/2017,PNS,Laki-laki,S1
Drs.Dasep Gandalaksana,Kecamatan Panyileukan,Kelurahan Cipadung Wetan,III/d,IV.a,Lurah Cipadung Wetan,10/01/2017,PNS,Laki-laki,S1
"Muhammad Karim,S.Ip.",Kecamatan Panyileukan,Kelurahan Mekarmulya,III/d,IV.a,Lurah Mekarmulya,10/01/2017,PNS,Laki-laki,S1
"Henda Suhenda,S.Pd.",Kecamatan Panyileukan,Kelurahan Cipadung Kulon,III/d,IV.a,Lurah Cipadung Kulon,10/01/2017,PNS,Laki-laki,S1
"Taty Rohayati,SE",Kecamatan Rancasari,Kelurahan Mekarjaya,IV/a,IV.a,Lurah Mekarjaya,10/01/2017,PNS,Perempuan,S1
"Sapa'at,S.Sos, M.Si",Kecamatan Rancasari,Kelurahan Derwati,IV/a,IV.a,Lurah Derwati,10/01/2017,PNS,Laki-laki,S2
Drs.Asep Tamim,Kecamatan Rancasari,Kelurahan Cipamokolan,IV/a,IV.a,Lurah Cipamokolan,10/01/2017,PNS,Laki-laki,S1
"Jaenudin,AP, M.Si",Kecamatan Rancasari,Kelurahan Manjahlega,IV/a,IV.a,Lurah Manjahlega,10/01/2017,PNS,Laki-laki,S2
"Hendrik Benhardi,S.Sos., M.S.I",Kecamatan Regol,Kelurahan Ciateul,IV/a,IV.a,Lurah Ciateul,10/01/2017,PNS,Laki-laki,S2
Wahyuni Setyo Utami,Kecamatan Regol,Kelurahan Ciseureuh,III/d,IV.a,Lurah Ciseureuh,10/01/2017,PNS,Perempuan,D3
"Judi Kusdeni Sudradjat,SE",Kecamatan Regol,Kelurahan Cigereleng,III/d,IV.a,Lurah Cigereleng,10/01/2017,PNS,Laki-laki,S1
Asep Muslihat,Kecamatan Regol,Kelurahan Pasirluyu,III/d,IV.a,Lurah Pasirluyu,10/01/2017,PNS,Laki-laki,SLTA
Drs.Agus Saptono,Kecamatan Regol,Kelurahan Pungkur,III/d,IV.a,Lurah Pungkur,10/01/2017,PNS,Laki-laki,S1
"Muhamad Sohib,S.Ip.",Kecamatan Regol,Kelurahan Balonggede,III/d,IV.a,Lurah Balonggede,10/01/2017,PNS,Laki-laki,S1
Eko Suhartono,Kecamatan Regol,Kelurahan Ancol,III/c,IV.a,Lurah Kel. Ancol,10/01/2017,PNS,Laki-laki,SLTA
"Suherman,SE",Kecamatan Sukajadi,Kelurahan Sukabungah,III/d,IV.a,Lurah Sukabungah,10/01/2017,PNS,Laki-laki,S1
"Ajat Sudrajat,SE",Kecamatan Sukajadi,Kelurahan Sukawarna,III/d,IV.a,Lurah Sukawarna,10/01/2017,PNS,Laki-laki,S1
"Aep Sahri,S.Sos.",Kecamatan Sukajadi,Kelurahan Sukagalih,III/d,IV.a,Lurah Sukagalih,10/01/2017,PNS,Laki-laki,S1
"Dedi Rustandi,SH",Kecamatan Sukajadi,Kelurahan Cipedes,III/d,IV.a,Lurah Cipedes,10/01/2017,PNS,Laki-laki,S1
Kuniya,Kecamatan Sukajadi,Kelurahan Pasteur,III/c,IV.a,Lurah Pasteur,23/03/2017,PNS,Laki-laki,SLTA
Muslih,Kecamatan Sukasari,Kelurahan Sarijadi,III/d,IV.a,Lurah Sarijadi,10/01/2017,PNS,Laki-laki,SLTA
Drs.Ujang Rachmat,Kecamatan Sukasari,Kelurahan Isola,III/d,IV.a,Lurah Isola,10/01/2017,PNS,Laki-laki,S1
Drs.Helmi Muslim,Kecamatan Sukasari,Kelurahan Geger Kalong,III/d,IV.a,Lurah Geger Kalong,10/01/2017,PNS,Laki-laki,S1
"Heri Susanto,S.Sos.",Kecamatan Sukasari,Kelurahan Sukarasa,III/d,IV.a,Lurah Sukarasa,10/01/2017,PNS,Laki-laki,S1
"Cece Sahroni,SH.",Kecamatan Sumur Bandung,Kelurahan Kebon Pisang,III/d,IV.a,Lurah Kebon Pisang,10/01/2017,PNS,Laki-laki,S1
Dedi Subarna,Kecamatan Sumur Bandung,Kelurahan Merdeka,III/d,IV.a,Lurah Merdeka,10/01/2017,PNS,Laki-laki,SLTA
Dra.Yunika Wihastini,Kecamatan Sumur Bandung,Kelurahan Braga,III/d,IV.a,Lurah Braga,29-Sep-16,PNS,Perempuan,S1
"Doni Hansyah,S.STP.",Kecamatan Sumur Bandung,Kelurahan Babakan Ciamis,III/d,IV.a,Lurah Babakan Ciamis,10/01/2017,PNS,Laki-laki,S1
"Imas Lis Supriati,S.Sos.",Kecamatan Ujungberung,Kelurahan Pasirwangi,III/d,IV.a,Lurah Pasirwangi,10/01/2017,PNS,Perempuan,S1
"Amirudin,S.Sos., MM",Kecamatan Ujungberung,Kelurahan Pasanggrahan,III/d,IV.a,Lurah Pasanggrahan,10/01/2017,PNS,Laki-laki,S1
Karsono Adi Suseno,Kecamatan Ujungberung,Kelurahan Pasirendah,III/d,IV.a,Lurah Pasirendah,10/01/2017,PNS,Laki-laki,SLTA
Dra.Omi Rusmiati,Kecamatan Ujungberung,Kelurahan Pasirjati,III/d,IV.a,Lurah Pasirjati,10/01/2017,PNS,Perempuan,S1
"Karna Suherman,ST., M.M",Kecamatan Ujungberung,Kelurahan Cigending,III/c,IV.a,Lurah Cigending,23/03/2017,PNS,Laki-laki,S2
